<?xml version="1.0" encoding="UTF-8" standalone="yes"?>
<addon id="script.xbmc.boblight" name="XBMC Boblight" version="2.0.5" provider-name="bobo1on1|Memphiz">
  <requires>
    <import addon="xbmc.python" version="2.1.0"/>
  </requires>
  <extension point="xbmc.service" library="default.py" start="login"></extension>
  <extension point="xbmc.addon.metadata">
    <summary lang="en">XBMC output to boblight.</summary>
    <description lang="en">XBMC output to boblight http://code.google.com/p/boblight/</description>
    <platform>all</platform>
	<website>http://code.google.com/p/boblight/</website>
	<source>https://github.com/bobo1on1/script.xbmc.boblight</source>
	<forum>http://forum.xbmc.org/showthread.php?tid=116331</forum>
	<email></email>    
  </extension>
</addon>
